trade_date,a_close_raw,a_close,a_pct,a_pct_raw,a_vol,a_amount,adj_factor,h_close,h_pct,h_vol,h_amount,h_close_cny,ah_premium
2025-05-20,263.0,502.9875,,1.1538,346423.64,9053425.367,1.9125,306.2,16.43,27692287.0,8284435401.9,279.5606,-5.923796128639025
2025-05-21,274.08,524.178,4.212927756653984,4.2129,565245.17,15470587.405,1.9125,337.4,10.19,22222775.0,7280656200.25,308.0462,-11.026333063027561
2025-05-22,270.37,517.082625,-1.3536193812025643,-1.3536,276081.18,7470701.467,1.9125,329.8,-2.25,10166361.0,3361390851.32,301.10740000000004,-10.208118432160763
2025-05-23,266.99,510.618375,-1.2501386988201357,-1.2501,230003.52,6218224.097,1.9125,322.4,-2.24,9029749.0,2926182384.4,294.3512,-9.295426687575926
2025-05-26,255.9,489.40875000000005,-4.153713622233035,-4.1537,330122.15,8477228.63,1.9125,314.0,-2.61,10043301.0,3095770533.8,286.682,-10.737332654299891
2025-05-27,253.99,485.75587500000006,-0.7463853067604553,-0.7464,176679.95,4491281.266,1.9125,309.0,-1.59,5261656.0,1623416859.8,282.117,-9.969976995360085
2025-05-28,253.6,485.01,-0.15354935233672373,-0.1535,154562.65,3946773.465,1.9125,312.0,0.97,3781486.0,1173977861.4,284.856,-10.972561574971218
2025-05-29,251.85,481.66312500000004,-0.69006309148264,-0.6901,217882.85,5487937.548,1.9125,308.6,-1.09,3812489.0,1178752547.2,281.7518,-10.61281596071436
2025-05-30,250.0,478.125,-0.7345642247369555,-0.7346,204337.47,5107325.148,1.9125,303.4,-1.69,9861590.0,2992513597.3,277.00419999999997,-9.748660850629687
2025-06-03,251.15,480.32437500000003,0.46000000000001595,0.46,158411.66,3989341.996,1.9125,307.0,-0.84,3064188.0,935786491.4,280.291,-10.396694863552526
2025-06-04,251.05,480.13312500000006,-0.03981684252437612,-0.0398,130401.95,3285855.859,1.9125,306.4,-0.2,2983151.0,914726450.0,279.7432,-10.256978543178164
2025-06-05,251.5,480.99375000000003,0.1792471619199265,0.1792,135258.51,3386751.735,1.9125,309.0,0.85,1788411.0,548010801.2,282.117,-10.852589528458056
2025-06-06,248.88,475.983,-1.0417495029821144,-1.0417,165514.74,4138221.07,1.9125,305.0,-1.29,2184040.0,667259071.6,278.46500000000003,-10.624315443592568
2025-06-09,245.58,469.67175000000003,-1.3259402121504227,-1.3259,185497.57,4593124.638,1.9125,302.6,-0.79,2820290.0,852976716.1,276.27380000000005,-11.109920665658501
2025-06-10,243.14,465.00525,-0.9935662513234078,-0.9936,139324.59,3406606.343,1.9125,299.6,-0.99,3309068.0,990233129.4,273.5348,-11.111858527690089
2025-06-11,250.5,479.08125,3.0270625976803522,3.0271,279934.04,7006354.613,1.9125,308.4,2.94,3705605.0,1138238125.4,281.56919999999997,-11.034303467850881
2025-06-12,249.81,477.76162500000004,-0.2754491017963989,-0.2754,175696.17,4386403.721,1.9125,309.2,0.26,2373185.0,734885244.4,282.2996,-11.508907557786118
2025-06-13,248.2,474.6825,-0.6444898122573206,-0.6445,174032.45,4322411.796,1.9125,313.0,1.23,2718345.0,843178978.8,285.769,-13.146632419891603
2025-06-16,246.66,471.73725,-0.6204673650281989,-0.6205,122175.71,3013514.215,1.9125,308.4,-1.47,2998890.0,933451332.0,281.56919999999997,-12.398088995529333
2025-06-17,246.26,470.97225000000003,-0.1621665450417531,-0.1622,97650.24,2407928.75,1.9125,310.0,0.52,1471980.0,457592588.2,283.03000000000003,-12.991555665477172
2025-06-18,245.57,469.652625,-0.2801916673434657,-0.2802,104605.61,2586543.839,1.9125,306.4,-1.16,2156947.0,660543896.48,279.7432,-12.21591802767682
2025-06-19,242.1,463.01625,-1.4130390520014635,-1.413,147984.56,3604508.604,1.9125,298.4,-2.61,2999412.0,899926199.24,272.43919999999997,-11.136136062651769
2025-06-20,240.26,459.49725,-0.7600165220983057,-0.76,136883.4,3293985.957,1.9125,299.8,0.47,1525488.0,456715386.65,273.7174,-12.223336916103989
2025-06-23,239.61,458.25412500000004,-0.270540248064588,-0.2705,127099.27,3040680.713,1.9125,296.4,-1.13,2666502.0,792918254.9,270.6132,-11.456647347579496
2025-06-24,245.92,470.322,2.633446016443375,2.6334,235010.81,5767361.454,1.9125,303.0,2.23,1778223.0,539000542.48,276.639,-11.10436344839304
2025-06-25,254.9,487.49625000000003,3.6515940143136083,3.6516,315377.23,7930320.892,1.9125,319.0,5.28,6303501.0,1996399295.9,291.247,-12.479785199504201
2025-06-26,252.79,483.460875,-0.8277755982738388,-0.8278,199145.3,5062386.537,1.9125,324.6,1.76,3430075.0,1109777171.9,296.3598,-14.70165656745619
2025-06-27,250.99,480.01837500000005,-0.7120534831282721,-0.7121,236200.67,5985026.676,1.9125,327.0,0.74,4184253.0,1375612462.4,298.551,-15.930611520309757
2025-06-30,252.22,482.37075000000004,0.49005936491492985,0.4901,176233.7,4434817.078,1.9125,329.2,0.67,2302023.0,753409419.5,300.5596,-16.083199471918373
2025-07-02,250.45,478.985625,-0.41749502982108,-0.4175,115713.74,2897311.834,1.9125,334.6,1.64,3264625.0,1077570986.6,305.48980000000006,-18.016902692004788
2025-07-03,262.59,502.203375,4.847274905170695,4.8473,338037.47,8746803.693,1.9125,343.6,2.69,4135119.0,1405945515.08,313.70680000000004,-16.294450741902967
2025-07-04,265.8,508.34250000000003,1.222438021249861,1.2224,272060.13,7214227.943,1.9125,357.0,3.9,5687850.0,2013820123.88,325.94100000000003,-18.451498890903572
2025-07-07,260.89,498.952125,-1.8472535741158813,-1.8473,174664.98,4568972.965,1.9125,354.0,-0.84,2164489.0,763917023.3,323.202,-19.279583665942667
2025-07-08,263.31,503.580375,0.9275940051362674,0.9276,155922.92,4104293.094,1.9125,359.2,1.47,2208799.0,788308792.189,327.9496,-19.710223766090884
2025-07-09,270.8,517.9050000000001,2.844555846720609,2.8446,293883.71,7948423.739,1.9125,385.0,7.18,5694532.0,2159927081.4,351.505,-22.959844098945958
2025-07-10,272.0,520.2,0.4431314623338123,0.4431,242393.49,6594201.202,1.9125,382.4,-0.68,3662682.0,1405893357.8,349.1312,-22.092325177469096
2025-07-11,271.5,519.24375,-0.18382352941177516,-0.1838,213281.53,5798544.034,1.9125,377.4,-1.31,3059417.0,1151299307.6,344.5662,-21.205272020296817
2025-07-14,268.5,513.50625,-1.1049723756905938,-1.105,149788.84,4013693.003,1.9125,374.0,-0.9,2004780.0,748718457.57,341.462,-21.367531379772853
2025-07-15,267.75,512.071875,-0.27932960893856107,-0.2793,169526.49,4553827.628,1.9125,377.2,0.86,1522592.0,576860573.15,344.3836,-22.25239529408485
2025-07-16,264.4,505.66499999999996,-1.2511671335200814,-1.2512,156264.79,4135841.242,1.9125,375.0,-0.58,1342783.0,503028200.61,342.375,-22.7747353048558
2025-07-17,265.5,507.76875,0.4160363086233021,0.416,145110.17,3852746.251,1.9125,374.0,-0.27,1106987.0,416405095.2,341.462,-22.246106448155277
2025-07-18,271.2,518.67,2.1468926553672274,2.1469,221865.58,5981601.235,1.9125,395.0,5.61,3000106.0,1169323201.32,360.635,-24.799312324095002
2025-07-21,279.66,534.8497500000001,3.1194690265486935,3.1195,324862.75,9047295.149,1.9125,418.2,5.87,4455123.0,1839332191.5,381.8166,-26.755410843844917
2025-07-22,286.66,548.23725,2.5030394049917692,2.503,333090.29,9468912.161,1.9125,428.0,2.34,3864154.0,1652846661.8,390.764,-26.64114401531359
2025-07-23,287.02,548.92575,0.12558431591431773,0.1256,200189.74,5772653.126,1.9125,434.0,1.4,2851797.0,1231644448.3,396.242,-27.56446817853737
2025-07-24,285.2,545.445,-0.6341021531600433,-0.6341,223891.14,6394082.072,1.9125,428.6,-1.24,2348108.0,1003370818.672,391.31180000000006,-27.11694357287464
2025-07-25,282.8,540.855,-0.8415147265077194,-0.8415,134326.01,3802835.26,1.9125,423.0,-1.31,1682323.0,715333531.0,386.199,-26.773502779655047
2025-07-28,286.3,547.54875,1.2376237623762387,1.2376,238973.36,6830867.029,1.9125,449.4,6.24,3224667.0,1424017716.8,410.30219999999997,-30.22216307882336
2025-07-29,291.82,558.1057500000001,1.9280475026196342,1.928,233945.55,6785427.583,1.9125,462.0,2.8,3003326.0,1367706547.2,421.80600000000004,-30.816536512045833
2025-07-30,277.09,529.934625,-5.047632101980682,-5.0476,415943.01,11712764.593,1.9125,426.6,-7.66,5603934.0,2442052781.796,389.48580000000004,-28.857483379368396
2025-07-31,264.62,506.08575,-4.500342848893856,-4.5003,447103.55,12088514.551,1.9125,406.2,-4.78,4591040.0,1898557249.1,370.8606,-28.64704419935684
2025-08-01,263.07,503.121375,-0.5857455974605075,-0.5857,252500.02,6682814.646,1.9125,403.0,-0.79,3527580.0,1424234453.1,367.939,-28.501735341999634
2025-08-04,266.48,509.6430000000001,1.2962329418025886,1.2962,237681.68,6286238.371,1.9125,417.4,3.57,2871946.0,1178871338.7,381.0862,-30.07356340901349
2025-08-05,265.7,508.15125,-0.2927048934254106,-0.2927,219760.4,5844478.67,1.9125,412.0,-1.29,2368392.0,968497909.2,376.156,-29.364412637310057
2025-08-06,265.0,506.8125,-0.26345502446367686,-0.2635,153233.11,4058482.396,1.9125,412.2,0.05,984344.0,404904790.6,376.3386,-29.584687831649468
2025-08-07,263.05,503.08312500000005,-0.7358490566037656,-0.7358,165481.04,4363462.114,1.9125,402.0,-2.47,1633397.0,659414410.4,367.026,-28.329328167486768
2025-08-08,263.48,503.9055000000001,0.16346702147880254,0.1635,174282.16,4604736.203,1.9125,407.0,1.24,1414171.0,574396772.0,371.591,-29.094084625300397
2025-08-11,263.66,504.24975000000006,0.06831638074995539,0.0683,213308.76,5627553.11,1.9125,416.4,2.31,1632537.0,676263905.8,380.1732,-30.647399658892315
2025-08-12,263.25,503.46562500000005,-0.15550329970416277,-0.1555,222407.39,5829140.856,1.9125,415.8,0.12,1184086.0,489873955.8,379.6254,-30.655324959815655
2025-08-13,273.6,523.2600000000001,3.93162393162394,3.9316,394667.69,10661084.797,1.9125,422.6,1.64,1517377.0,638929498.62,385.83380000000005,-29.088638683287993
2025-08-14,279.89,535.289625,2.29897660818712,2.299,371707.57,10378442.059,1.9125,419.8,-0.66,1282320.0,538635018.1,383.2774,-26.97456202739844
2025-08-15,280.67,536.781375,0.27868091035765374,0.2787,241091.69,6735591.187,1.9125,415.8,-0.95,1350369.0,559758772.4,379.6254,-26.066590907773822
2025-08-18,283.0,541.2375000000001,0.8301564114440607,0.8302,285287.93,8056186.542,1.9125,414.0,-0.43,1052831.0,437284325.0,377.982,-25.12870983274337
2025-08-19,277.8,531.2925,-1.8374558303887012,-1.8375,244285.85,6816442.573,1.9125,404.8,-2.22,1864469.0,757790422.4,369.5824,-24.83408300828178
2025-08-20,279.2,535.89648,0.8665622044353949,0.8671,233534.92,6414344.337,1.9194,406.8,0.49,1221065.0,493521291.4,371.40840000000003,-24.826686741603055
2025-08-21,279.0,535.5126,-0.07163323782234388,-0.0716,182698.14,5103914.721,1.9194,406.0,-0.2,1137773.0,461702394.1,370.678,-24.732517171237568
2025-08-22,287.18,551.213292,2.9318996415770515,2.9319,264218.51,7543698.628,1.9194,418.0,2.96,1780538.0,737347134.4,381.634,-24.749891257068292
2025-08-25,290.28,557.163432,1.0794623581029228,1.0795,312297.2,9046692.965,1.9194,413.0,-1.2,2389290.0,993360470.6,377.069,-23.016742293850733
2025-08-26,289.5,555.6663,-0.26870607689126746,-0.2687,230244.62,6648848.315,1.9194,414.6,0.39,2962368.0,1225173298.26,378.5298,-23.51989196094998
2025-08-27,278.3,534.16902,-3.868739205526761,-3.8687,382584.29,10859010.3,1.9194,410.2,-1.06,1234478.0,509686790.11,374.5126,-25.690083591313083
2025-08-28,277.41,532.4607540000001,-0.31979877829679815,-0.3198,304664.01,8407974.991,1.9194,407.2,-0.73,914159.0,372436924.1,371.7736,-25.38200668363756
2025-08-29,306.18,587.6818920000001,10.370931112793347,10.3709,780138.92,23482893.637,1.9194,424.2,4.17,6137206.0,2633294554.0,387.2946,-20.943901619077565
2025-09-01,304.0,583.4976,-0.7119994774315797,-0.712,429964.21,13012795.663,1.9194,421.0,-0.75,1545197.0,647241465.7,384.373,-20.910157581307743
2025-09-02,302.87,581.328678,-0.3717105263158049,-0.3717,371168.89,11289093.083,1.9194,417.6,-0.81,1671442.0,697781634.96,381.26880000000006,-20.562605699705838
2025-09-03,309.0,593.0946,2.0239706804899837,2.024,508974.73,15640548.986,1.9194,422.0,1.05,1427049.0,601112063.5,385.286,-19.799837004199482
2025-09-04,304.03,583.555182,-1.6084142394822143,-1.6084,657547.54,20442631.453,1.9194,420.0,-0.47,2545848.0,1074931950.4,383.46000000000004,-20.714024930892418
2025-09-05,325.11,624.0161340000001,6.933526296747061,6.9335,708197.79,22440211.716,1.9194,432.2,2.9,4313040.0,1854208082.97,394.5986,-17.609945904521695
2025-09-08,325.37,624.515178,0.0799729322383147,0.08,588345.78,19349632.049,1.9194,430.4,-0.42,1728309.0,746920463.4,392.9552,-17.199212531097686
2025-09-09,320.0,614.208,-1.6504287426622022,-1.6504,434023.97,14085497.658,1.9194,431.0,0.14,1373205.0,592139786.6,393.50300000000004,-18.679146029382252
2025-09-10,316.04,606.607176,-1.2375000000000025,-1.2375,367526.83,11649703.595,1.9194,426.0,-1.16,2519406.0,1085426220.6,388.938,-18.7428330479408
2025-09-11,322.55,619.10247,2.0598658397671388,2.0599,380344.6,12060756.827,1.9194,428.8,0.66,1445714.0,616521374.8,391.49440000000004,-17.61057118569257
2025-09-12,325.0,623.805,0.7595721593551152,0.7596,338713.16,11031032.653,1.9194,432.8,0.93,1701972.0,734766798.356,395.1464,-17.752002801999467
2025-09-15,354.7,680.8111799999999,9.13846153846154,9.1385,718410.23,25586615.241,1.9194,465.0,7.44,6299919.0,2907920216.2,424.545,-16.451730676371177
2025-09-16,353.42,678.3543480000001,-0.36086833944175556,-0.3609,377444.65,13325722.242,1.9194,477.0,2.58,3414730.0,1618007155.56,435.50100000000003,-18.84748829509002
2025-09-17,377.1,723.80574,6.70024333654009,6.7002,543771.0,20113064.234,1.9194,502.5,5.35,4383694.0,2190775983.9,458.7825,-17.804188259142407
2025-09-18,366.89,704.208666,-2.7075046406788705,-2.7075,518896.9,19308545.614,1.9194,505.0,0.5,3591684.0,1816571878.4,461.065,-20.425536529556577
2025-09-19,368.49,707.279706,0.43609801302844087,0.4361,339148.86,12515443.887,1.9194,515.5,2.08,2823417.0,1454589062.81,470.6515,-21.706400595769903
2025-09-22,370.05,710.2739700000001,0.4233493446226477,0.4233,285277.63,10474484.764,1.9194,511.0,-0.87,2449802.0,1245621421.2,466.543,-20.682552304932234
2025-09-23,368.15,706.6271099999999,-0.5134441291717584,-0.5134,348493.15,12813882.35,1.9194,501.5,-1.86,2900705.0,1446787404.18,457.8695,-19.594993770058945
2025-09-24,379.93,729.237642,3.199782697270148,3.1998,383145.48,14311189.086,1.9194,506.0,0.9,1621586.0,816614590.224,461.978,-17.760153080882635
2025-09-25,392.85,754.03629,3.4006264311846834,3.4006,466393.38,18251421.708,1.9194,532.0,5.14,3742882.0,1966372636.34,485.716,-19.11940310798903
2025-09-26,380.4,730.1397599999999,-3.169148529973287,-3.1691,362633.26,14106499.742,1.9194,530.5,-0.28,2849440.0,1522134236.32,484.3465,-21.461185329098075
2025-09-29,397.37,762.711978,4.461093585699283,4.4611,389647.45,15381134.07,1.9194,547.0,3.11,3249995.0,1792964643.2,499.411,-20.43226921313307
2025-09-30,402.0,771.5988,1.1651609331353674,1.1652,330313.1,13278445.667,1.9194,571.5,4.48,2549440.0,1444026185.86,521.7795,-22.955961282495764
2025-10-09,409.89,786.7428659999999,1.9626865671641625,1.9627,412088.23,16989122.538,1.9194,585.0,0.69,2833182.0,1649066076.25,534.105,-23.256663015699164
2025-10-10,381.95,733.11483,-6.816462953475321,-6.8165,533117.98,20684330.795,1.9194,543.0,-7.18,5026484.0,2755783239.5,495.759,-22.956517178709824
2025-10-13,374.5,718.8153,-1.9505170833878815,-1.9505,471509.98,17618650.277,1.9194,547.5,0.83,3518237.0,1900615550.2,499.8675,-25.080146238753276
2025-10-14,358.0,687.1452,-4.4058744993324295,-4.4059,496399.39,18319370.881,1.9194,532.5,-2.74,2079238.0,1130645298.2,486.1725,-26.363584941558816
2025-10-15,369.3,708.83442,3.156424581005579,3.1564,369933.55,13383852.917,1.9194,542.0,1.78,2188262.0,1168905959.95,494.846,-25.37072139615153
2025-10-16,368.5,707.2989,-0.21662604928243123,-0.2166,276294.67,10185159.269,1.9194,535.5,-1.2,1372719.0,733816765.72,488.91150000000005,-24.628485932525624
2025-10-17,358.14,687.413916,-2.8113975576662176,-2.8114,319057.61,11588825.855,1.9194,521.5,-2.61,1624498.0,848071024.0,476.1295,-24.780968202978393
2025-10-20,366.5,703.4601,2.3342826827497776,2.3343,284324.2,10372513.059,1.9194,528.0,1.25,1732723.0,921323436.5,482.064,-23.97275050615686
2025-10-21,375.9,721.5024599999999,2.564802182810366,2.5648,446328.7,16784956.526,1.9194,544.0,3.03,2721782.0,1497620258.9,496.672,-24.316248953031383
2025-10-22,372.86,715.6674840000001,-0.8087257249268287,-0.8087,219458.79,8178934.535,1.9194,546.0,0.37,1815051.0,981291239.96,498.498,-25.203310745479413
2025-10-23,376.45,722.55813,0.9628278710507976,0.9628,239980.98,8982628.027,1.9194,535.0,-2.01,1566528.0,834275641.2,488.45500000000004,-22.930464423539533
2025-10-24,385.77,740.4469379999999,2.4757603931464978,2.4758,320415.78,12276721.104,1.9194,553.5,3.46,1748224.0,960529485.9,505.3455,-23.662128187546937
2025-10-27,386.18,741.233892,0.10628094460429782,0.1063,404510.18,15542852.577,1.9194,561.5,1.45,2156051.0,1202609300.8,512.6495,-24.669779254636936
2025-10-28,386.48,741.809712,0.07768398156300371,0.0777,287082.95,11160796.766,1.9194,560.5,-0.18,1398576.0,784669445.5,511.73650000000004,-24.476757081036826
2025-10-30,398.29,764.477826,-0.4274999999999918,-0.4275,343060.88,13797530.229,1.9194,574.5,2.5,2298186.0,1318768060.0,524.5185,-24.065595398446384
2025-10-31,388.77,746.2051379999999,-2.3902181827311964,-2.3902,340483.5,13515773.431,1.9194,558.5,-2.79,1329926.0,756096027.7,509.9105,-23.75720837284191
2025-11-03,386.86,742.539084,-0.49129305244745014,-0.4913,263681.77,10106566.781,1.9194,555.0,-0.63,1161349.0,637610962.88,506.71500000000003,-23.653335701528476
2025-11-04,378.95,727.35663,-2.0446673215116618,-2.0447,239390.74,9091842.153,1.9194,548.0,-1.26,1515436.0,821169593.1,500.324,-24.259080116084785
2025-11-05,388.7,746.07078,2.572898799313905,2.5729,311425.32,11937586.811,1.9194,547.5,-0.09,1940808.0,1043305406.78,499.8675,-22.239393439261413
2025-11-06,394.68,757.548792,1.538461538461533,1.5385,234474.77,9261688.312,1.9194,554.5,1.28,1597062.0,882868148.4,506.2585,-22.039827479439854
2025-11-07,395.37,758.873178,0.17482517482516613,0.1748,165548.92,6516185.371,1.9194,558.5,0.72,1006367.0,558996824.0,509.9105,-22.462863580961756
2025-11-10,384.51,738.028494,-2.7467941421959186,-2.7468,238959.91,9267204.047,1.9194,548.0,-1.88,1262972.0,688819187.0,500.324,-23.147800225453906
2025-11-11,385.6,740.1206400000001,0.2834776728823707,0.2835,193031.75,7500041.113,1.9194,542.5,-1.0,971369.0,526341088.3,495.3025,-22.14858596514251
2025-11-12,386.38,741.617772,0.20228215767632562,0.2023,212998.25,8261238.197,1.9194,550.0,1.38,1419156.0,774371024.2,502.15000000000003,-23.054864084436932
2025-11-13,415.6,797.7026400000001,7.562503235157125,7.5625,562654.49,22945441.956,1.9194,567.5,3.18,2604347.0,1475004442.4,518.1275,-19.78808304905646
2025-11-14,404.12,775.667928,-2.7622714148219596,-2.7623,241721.2,9879119.548,1.9194,542.0,-4.49,1835993.0,1012563121.1,494.846,-18.33418881833945
2025-11-17,390.78,750.063132,-3.3009997030584937,-3.301,476855.03,18542294.255,1.9194,526.0,-2.95,1907496.0,999045418.15,480.238,-18.627847025849686
2025-11-18,385.0,738.969,-1.4790930958595516,-1.4791,395658.14,15353867.657,1.9194,504.0,-4.18,2974644.0,1513949038.6,460.15200000000004,-16.33199464524766
2025-11-19,391.1,750.6773400000001,1.5844155844155772,1.5844,292666.86,11462348.543,1.9194,512.0,1.59,2904805.0,1498204922.039,467.456,-16.334371577217965
2025-11-20,379.39,728.201166,-2.9941191511122622,-2.9941,336742.85,12895238.923,1.9194,483.0,-5.66,14760777.0,7092357149.532,440.97900000000004,-13.966424705031322
2025-11-21,370.0,710.178,-2.4750256991486252,-2.475,316313.35,11850710.342,1.9194,465.0,-3.73,6741203.0,3135203228.164,424.545,-12.847872428128937
2025-11-24,370.55,711.2336700000001,0.14864864864865268,0.1486,228458.19,8464724.008,1.9194,465.0,0.0,4034648.0,1875788756.62,424.545,-12.71832196822481
2025-11-25,372.36,714.7077840000001,0.488463095398739,0.4885,206332.46,7733117.132,1.9194,468.2,0.69,2938753.0,1372369087.78,427.4666,-12.891439939401117
2025-11-26,372.82,715.590708,0.12353636265978185,0.1235,189106.6,7048903.988,1.9194,467.2,-0.21,3311239.0,1555478214.2,426.5536,-12.597150744947417
2025-11-27,371.2,712.48128,-0.43452604474009116,-0.4345,222002.59,8289124.681,1.9194,470.0,0.6,2482053.0,1165690464.8,429.11,-13.495374146489247
2025-11-28,373.2,716.32008,0.5387931034482651,0.5388,203402.63,7542337.298,1.9194,472.0,0.43,2017940.0,944960279.6,430.93600000000004,-13.397813132344483
2025-12-01,382.97,735.072618,2.6178992497320586,2.6179,267510.13,10120862.871,1.9194,483.0,2.33,2523709.0,1209478324.4,440.97900000000004,-13.154594663237928
2025-12-02,380.08,729.525552,-0.7546282998668441,-0.7546,163484.61,6220569.502,1.9194,477.8,-1.08,1912092.0,916900136.2,436.2314,-12.871929897756107
2025-12-03,376.08,721.847952,-1.0524100189433727,-1.0524,139911.35,5294871.743,1.9194,473.6,-0.88,2173182.0,1037077987.6,432.39680000000004,-13.024333205056104
2025-12-04,383.35,735.80199,1.933099340565847,1.9331,191658.09,7299943.081,1.9194,483.0,1.98,2395088.0,1146171513.72,440.97900000000004,-13.06842275936042
2025-12-05,389.09,746.819346,1.4973262032085488,1.4973,232915.59,9004580.816,1.9194,490.4,1.53,2266715.0,1110470025.8,447.7352,-13.09818839349688
2025-12-08,392.5,753.3645,0.8764039168315918,0.8764,216597.58,8476698.7,1.9194,506.5,3.28,3902634.0,1961514746.0,462.4345,-15.123114733005439
2025-12-09,387.59,743.940246,-1.2509554140127443,-1.251,186917.73,7255076.087,1.9194,496.0,-2.07,1948121.0,970902445.4,452.848,-14.410574850722547
2025-12-10,382.38,733.940172,-1.344203926829901,-1.3442,194334.05,7399361.241,1.9194,498.4,0.48,2569758.0,1281192694.5,455.0392,-15.967679268071855
2025-12-11,388.99,746.6274060000001,1.7286468957581569,1.7286,282153.78,11089031.995,1.9194,508.0,1.93,2608745.0,1335025660.1,463.80400000000003,-16.13052065096463
2025-12-12,391.8,752.02092,0.7223836088331215,0.7224,240020.22,9355490.916,1.9194,516.0,1.57,2979319.0,1540390883.4,471.108,-16.834356453297328
2025-12-15,385.5,739.9287,-1.607963246554367,-1.608,182749.93,7099251.459,1.9194,519.0,0.58,2500381.0,1292763215.25,473.84700000000004,-18.644625796934456
2025-12-16,378.41,726.320154,-1.8391699092088265,-1.8392,191216.76,7292054.835,1.9194,506.0,-2.5,2499164.0,1274829386.3,461.978,-18.089173077505848
2025-12-17,383.42,735.9363480000001,1.3239607832774114,1.324,222574.08,8453303.234,1.9194,511.0,0.99,1456033.0,741250138.6,466.543,-17.816792878684275
2025-12-18,372.0,714.0168,-2.978457044494298,-2.9785,296392.83,11079385.459,1.9194,494.0,-3.33,3242454.0,1608330828.0,451.022,-17.52065309452754
2025-12-19,374.0,717.8556,0.5376344086021501,0.5376,175599.45,6572807.89,1.9194,505.0,2.23,6561643.0,3303337109.9,461.065,-18.883454610521287
2025-12-22,371.84,713.7096959999999,-0.5775401069518793,-0.5775,254935.38,9489773.616,1.9194,509.5,0.89,1791077.0,911193686.0,465.1735,-20.064234097600142
2025-12-23,378.1,725.72514,1.6835197934595758,1.6835,236040.86,8879315.764,1.9194,515.0,1.08,2401406.0,1236229311.0,470.195,-19.58655451461627
2025-12-24,375.6,720.92664,-0.6612007405448317,-0.6612,210883.87,7902857.946,1.9194,508.5,-1.26,612104.0,311740464.0,464.26050000000004,-19.097144814172218
2025-12-29,369.31,708.853614,-1.3674117992682144,-1.3674,241240.72,8924502.783,1.9194,497.8,-2.1,1707373.0,852955175.3,454.49140000000006,-18.742136814910037
2025-12-30,369.2,708.64248,-0.02978527524302166,-0.0298,190308.21,7014015.794,1.9194,503.0,1.04,2132963.0,1068692506.2,459.23900000000003,-19.606131012392247
2025-12-31,367.26,704.918844,-0.5254604550379072,-0.5255,160265.97,5920431.545,1.9194,505.5,0.5,872229.0,442394523.0,461.5215,-20.424075584777746
2026-01-05,377.5,724.5735,2.7882154332080633,2.7882,336881.35,12583419.574,1.9194,514.5,0.0,1957642.0,1003224981.5,469.73850000000004,-19.636137978896773
2026-01-06,373.99,717.836406,-0.9298013245033099,-0.9298,341477.1,12764795.667,1.9194,510.5,-0.78,1780260.0,907557224.9,466.0865,-19.759529615210912
2026-01-07,371.01,712.116594,-0.7968127490039945,-0.7968,262285.35,9730943.679,1.9194,506.0,-0.88,1396328.0,707738948.53,461.978,-19.690980955803095
2026-01-08,369.21,708.661674,-0.4851621250101079,-0.4852,269590.35,9962397.48,1.9194,503.5,-0.49,1679315.0,842273124.518,459.69550000000004,-19.68379068318051
2026-01-09,369.23,708.700062,0.0054169713713081435,0.0054,314771.87,11681035.309,1.9194,497.4,-1.21,2249123.0,1122837192.0,454.1262,-18.694406973215806
2026-01-12,361.68,694.2085920000001,-2.0447959266581717,-2.0448,488307.39,17505537.199,1.9194,485.2,-2.45,3756932.0,1812436454.7,442.9876,-18.354373801885192
2026-01-13,359.0,689.0646,-0.7409865074098687,-0.741,296709.2,10745692.37,1.9194,489.8,0.95,2338610.0,1147186527.0,447.1874,-19.720457240074296
2026-01-14,353.98,679.429212,-1.398328690807804,-1.3983,380833.65,13553362.724,1.9194,484.0,-1.18,2940411.0,1432559963.3,441.892,-19.894453848451654
2026-01-15,353.75,678.98775,-0.064975422340241,-0.065,323709.12,11474019.06,1.9194,487.4,0.7,1437333.0,703001214.96,444.9962,-20.50493914330055
2026-01-16,352.32,676.243008,-0.4042402826855085,-0.4042,319818.42,11350569.563,1.9194,484.6,-0.57,1603190.0,780258786.4,442.43980000000005,-20.36882757835078
2026-01-19,348.9,669.6786599999999,-0.9707084468664973,-0.9707,338642.84,11842421.264,1.9194,477.6,-1.44,1484269.0,710485595.4,436.0488,-19.986019913367503
2026-01-20,349.6,671.02224,0.20063055316710265,0.2006,354405.89,12466608.9,1.9194,479.6,0.42,1376246.0,660814518.0,437.87480000000005,-20.1598265074857
2026-01-21,349.81,671.425314,0.06006864988556959,0.0601,393935.73,13919426.405,1.9194,486.0,1.33,1597677.0,773034720.0,443.718,-21.16389238209855
2026-01-22,345.8,663.72852,-1.146336582716323,-1.1463,459948.18,15851213.229,1.9194,472.2,-2.84,5387821.0,2525502330.9,431.1186,-19.790053131551268
2026-01-23,347.0,666.0318,0.3470213996529692,0.347,339761.27,11775914.386,1.9194,471.4,-0.17,2543073.0,1200201140.17,430.3882,-19.3751129793986
2026-01-26,342.05,656.5307700000001,-1.426512968299698,-1.4265,332913.86,11468681.279,1.9194,466.0,-1.15,1932844.0,903121403.48,425.458,-19.60428526435042
2026-01-27,339.4,651.44436,-0.7747405350095216,-0.7747,322948.85,10953698.562,1.9194,467.0,0.21,2179660.0,1013817243.5,426.37100000000004,-20.397963276114005
2026-01-28,339.99,652.576806,0.17383618149677815,0.1738,463081.71,15638344.009,1.9194,475.4,1.8,3363675.0,1579838965.524,434.04019999999997,-21.668545908881242
2026-01-29,341.89,656.223666,0.5588399658813303,0.5588,338444.19,11569006.794,1.9194,477.4,0.42,2287442.0,1087720954.6,435.8662,-21.560790903263438
2026-01-30,350.0,671.79,2.3721079879493345,2.3721,486501.15,17048600.0,1.9194,491.0,2.85,4575354.0,2246390361.7,448.283,-21.924320128133346
2026-02-02,348.98,669.832212,-0.2914285714285647,-0.2914,391917.47,13766144.458,1.9194,486.6,-0.9,2429892.0,1189915714.6,444.2658,-21.44792599385322
2026-02-03,347.91,667.778454,-0.3066078285288598,-0.3066,265163.25,9220045.792,1.9194,481.6,-1.03,1222222.0,589320193.3,439.7008,-20.87574095839716
2026-02-04,365.03,700.6385819999999,4.9208128538989815,4.9208,485316.85,17369398.062,1.9194,502.5,4.34,3997468.0,1994153919.08,458.7825,-20.435064545836003
2026-02-05,362.94,696.627036,-0.5725556803550358,-0.5726,284271.57,10268243.283,1.9194,492.8,-1.93,2166866.0,1066790998.8,449.9264,-19.33347320806248
2026-02-06,369.11,708.469734,1.7000055105527156,1.7,393726.18,14514523.059,1.9194,501.5,1.77,1809571.0,908354541.62,457.8695,-19.385327041875467
2026-02-09,368.82,707.913108,-0.07856736474222137,-0.0786,274486.3,10080946.319,1.9194,513.5,2.39,2821790.0,1442433469.26,468.82550000000003,-21.33107094217359
2026-02-10,364.97,700.5234180000001,-1.0438696383059276,-1.0439,185634.99,6798020.174,1.9194,511.0,-0.49,1829605.0,939769283.4,466.543,-21.771412281397417
2026-02-11,368.0,706.3392,0.8302052223470247,0.8302,196534.59,7239804.071,1.9194,507.0,-0.78,1457644.0,738882010.4,462.891,-20.49964246442467
2026-02-12,375.87,721.444878,2.1385869565217375,2.1386,277545.8,10410892.196,1.9194,528.0,4.14,3077613.0,1618390502.6,482.064,-22.0290251916758
2026-02-13,365.34,701.2335959999999,-2.801500518796407,-2.8015,223145.32,8229700.941,1.9194,517.5,-1.99,1618201.0,842133864.3,472.4775,-22.675682969030277
2026-02-24,361.95,694.72683,-0.9279027754967917,-0.9279,226951.31,8316534.693,1.9194,525.5,-3.13,1802954.0,948020830.7,479.7815,-24.55940881422064
2026-02-25,362.18,695.1682920000001,0.06354468849290029,0.0635,187166.39,6802110.619,1.9194,533.0,1.43,1309356.0,695972317.48,486.629,-25.573691662436893
2026-02-26,346.0,664.1124,-4.467391904577845,-4.4674,435413.81,15108143.01,1.9194,498.4,-6.49,3925332.0,1981895327.9,455.0392,-23.962594870947385
2026-02-27,342.01,656.453994,-1.1531791907514521,-1.1532,254466.2,8775054.149,1.9194,496.0,-0.48,4071385.0,2014742418.94,452.848,-24.4757622866834
2026-03-02,340.22,653.018268,-0.5233765094587728,-0.5234,283513.26,9643254.984,1.9194,484.4,-2.34,2026573.0,988129085.15,442.2572,-23.071913809430345
2026-03-03,344.07,660.407958,1.1316207160072755,1.1316,400074.79,13919957.238,1.9194,487.0,0.54,1482892.0,728259572.3,444.63100000000003,-22.61673162689961
2026-03-04,338.9,650.48466,-1.5026012148690704,-1.5026,250804.41,8468604.902,1.9194,479.2,-1.6,1441731.0,687793200.88,437.5096,-22.538842576254325
2026-03-05,350.25,672.26985,3.349070522277975,3.3491,310060.68,10819502.021,1.9194,499.8,4.3,2601750.0,1297322662.366,456.3174,-23.244215539446888
2026-03-06,354.77,680.9455379999999,1.2905067808707926,1.2905,209631.13,7388868.682,1.9194,513.0,2.64,3182774.0,1615289475.76,468.369,-24.254167120368773
2026-03-09,357.5,686.1855,0.7695126419934306,0.7695,317976.13,11217996.825,1.9194,503.0,-1.95,3765557.0,1880612268.66,459.23900000000003,-22.153824043689674
2026-03-10,376.3,722.27022,5.25874125874124,5.2587,507417.28,19049080.513,1.9194,550.0,9.34,6331879.0,3448674579.15,502.15000000000003,-25.062232400677086
2026-03-11,396.8,761.61792,5.447781025777321,5.4478,575986.85,22642696.276,1.9194,599.5,9.0,6532230.0,3849376375.97,547.3435000000001,-27.50439166629366
2026-03-12,395.5,759.1227,-0.3276209677419373,-0.3276,291503.75,11537671.607,1.9194,610.0,1.75,3827320.0,2325416916.01,556.9300000000001,-28.985689404413485
2026-03-13,397.0,762.0018,0.37926675094817064,0.3793,355826.39,14201304.444,1.9194,621.0,1.8,3601156.0,2218912453.98,566.9730000000001,-29.979028983743504
2026-03-16,408.4,783.8829599999999,2.8715365239294632,2.8715,373521.04,15195015.005,1.9194,670.0,7.89,5239964.0,3419299357.74,611.71,-33.23633748017853
2026-03-17,405.0,777.357,-0.8325171400587639,-0.8325,359806.78,14787230.79,1.9194,648.0,-3.28,3844089.0,2530984120.7,591.624,-31.544359255202636
2026-03-18,402.02,771.6371879999999,-0.7358024691358045,-0.7358,265299.96,10653633.584,1.9194,650.5,0.39,2095954.0,1365043453.86,593.9065,-32.30921028815143
2026-03-19,400.5,768.7197,-0.37809064225660105,-0.3781,292866.35,11867380.765,1.9194,644.0,-1.0,2021163.0,1314416300.8,587.972,-31.884511507350688
2026-03-20,413.0,792.7122,3.121098626716612,3.1211,537296.77,22252017.693,1.9194,698.0,8.39,6275080.0,4287926274.7,637.274,-35.19271145535515
2026-03-23,401.99,771.579606,-2.665859564164652,-2.6659,446141.45,18193336.487,1.9194,662.0,-5.16,3313221.0,2235755329.914,604.4060000000001,-33.49007124350189
2026-03-24,396.99,761.982606,-1.2438120351252469,-1.2438,364105.25,14439124.61,1.9194,645.0,-2.57,3394763.0,2187600770.55,588.885,-32.58615858783973
2026-03-25,397.81,763.556514,0.20655432126752693,0.2066,267528.28,10553996.247,1.9194,637.5,-1.16,2810315.0,1785273107.1,582.0375,-31.652170178038364
2026-03-26,402.5,772.5585,1.1789547774063047,1.179,267636.97,10811439.764,1.9194,616.0,-3.37,2749585.0,1707586614.76,562.408,-28.432739221348204
2026-03-27,416.18,798.815892,3.3987577639751576,3.3988,302580.43,12465856.864,1.9194,634.0,2.92,2179661.0,1371736007.3,578.842,-28.101278068972192
2026-03-30,413.0,792.7122,-0.7640924599932597,-0.7641,253484.19,10440376.424,1.9194,632.0,-0.32,2227823.0,1410271515.6,577.0160000000001,-28.424861702275162
2026-03-31,401.7,771.02298,-2.7360774818402045,-2.7361,249256.45,10159878.346,1.9194,613.5,-2.93,2148918.0,1344145172.3,560.1255,-28.28392922657511
2026-04-01,405.71,778.7197739999999,0.9982574060243943,0.9983,231700.73,9384266.504,1.9194,632.5,3.1,1871936.0,1183414341.42,577.4725,-29.743840615786898
2026-04-02,401.17,770.005698,-1.119025905203208,-1.119,223056.38,8988161.794,1.9194,627.5,-0.79,1600945.0,1014788528.38,572.9075,-29.97647962367398
2026-04-08,391.3,751.06122,1.7447151512000048,1.7447,364184.43,14315333.338,1.9194,639.5,1.91,2203760.0,1406834625.9,583.8635,-32.980910777947244
2026-04-09,389.99,748.5468060000001,-0.33478149757218967,-0.3348,259551.99,10132744.607,1.9194,633.0,-1.02,1564837.0,993519483.0,577.929,-32.51939252053453
2026-04-10,416.0,798.4704,6.669401779532813,6.6694,507887.02,20752496.341,1.9194,681.5,9.02,3925993.0,2595260792.2,622.2095,-33.14149012511059
2026-04-13,427.13,819.833322,2.6754807692307647,2.6755,412399.24,17625505.878,1.9194,682.5,0.15,2639757.0,1813926712.3,623.1225000000001,-31.453285670153154
2026-04-14,430.79,826.858326,0.8568819797251548,0.8569,442208.26,18663656.303,1.9194,660.0,-3.3,6164403.0,3991907662.02,602.58,-28.509077632845436
2026-04-15,431.0,827.2614,0.04874764966689149,0.0487,373536.28,16122379.46,1.9194,655.5,-0.68,3932787.0,2576849892.38,598.4715,-27.98320387854727
2026-04-16,453.98,871.3692120000001,5.3317865429234335,5.3318,635062.18,28517416.468,1.9194,714.5,9.0,5743359.0,4089223966.475,652.3385000000001,-30.407296212012636
2026-04-17,444.2,852.59748,-2.1542799242257438,-2.1543,365358.48,16290232.436,1.9194,692.0,-3.15,4114871.0,2881186990.368,631.796,-29.692495678984997
2026-04-20,432.5,830.1405,-2.6339486717694816,-2.6339,529278.21,22768028.85,1.9194,702.5,1.52,3036633.0,2124236718.8,641.3825,-32.567539650676466
2026-04-21,447.6,859.1234400000001,3.491329479768801,3.4913,577745.62,25412275.749,1.9194,736.0,4.77,3076530.0,2256149006.2,671.9680000000001,-33.38968522310587
2026-04-22,436.35,850.6643250000001,-0.984621604550795,-0.9848,460254.32,20173924.648,1.9495,699.0,-5.03,13504527.0,9534291831.45,638.187,-31.62662354450968
2026-04-23,438.9,855.63555,0.5843932622894288,0.5844,354309.66,15566836.621,1.9495,702.5,0.5,2908230.0,2032030140.04,641.3825,-31.56969515070961
2026-04-24,444.9,867.33255,1.36705399863295,1.3671,395424.97,17517374.359,1.9495,695.0,-1.07,3458832.0,2386683260.16,634.535,-29.885664305357462
2026-04-27,434.88,847.79856,-2.2521915037087004,-2.2522,330612.83,14514326.132,1.9495,675.5,-2.81,3257232.0,2205627977.84,616.7315,-29.486332382892723
2026-04-28,427.67,833.742665,-1.6579286239882252,-1.6579,350121.13,14992134.063,1.9495,629.0,-6.88,14897728.0,9321194689.4,574.277,-25.528969469437225
2026-04-29,445.0,867.5275,4.052189772488135,4.0522,376335.6,16473164.318,1.9495,627.5,-0.24,7832761.0,4885607747.2,572.9075,-22.326029943751834
2026-04-30,436.0,849.982,-2.0224719101123667,-2.0225,298120.94,13127297.982,1.9495,608.0,-3.11,8583105.0,5271276377.1,555.104,-21.456159566495657
2026-05-06,460.0,896.77,5.504587155963314,5.5046,473727.18,21679900.613,1.9495,669.0,2.14,12600266.0,8367769300.35,610.797,-24.688562648474043
2026-05-07,451.64,880.47218,-1.8173913043478263,-1.8174,386212.74,17551196.925,1.9495,665.0,-0.6,6924377.0,4578652067.53,607.145,-25.61249783824292
2026-05-08,437.0,851.9315,-3.241519794526604,-3.2415,366048.51,16224287.222,1.9495,651.0,-2.11,3853234.0,2530980458.3,594.363,-26.4759078206416
2026-05-11,446.11,869.691445,2.0846681922196852,2.0847,341901.01,15198345.088,1.9495,657.5,1.0,4015364.0,2640582695.505,600.2975,-25.685181097705723
2026-05-12,431.25,840.721875,-3.331017013741011,-3.331,341514.97,14869224.128,1.9495,651.5,-0.91,3555751.0,2314602333.1,594.8195000000001,-27.499014406891508
2026-05-13,434.05,846.180475,0.6492753623188463,0.6493,316858.23,13668347.814,1.9495,673.0,3.3,3698888.0,2458261591.82,614.4490000000001,-29.359474911668837
2026-05-14,427.0,832.4365,-1.6242368390738338,-1.6242,347046.14,15157645.64,1.9495,686.0,1.93,5990355.0,4143328619.37,626.318,-31.82377003375282
2026-05-15,423.6,825.8082,-0.7962529274004648,-0.7963,297048.93,12638150.862,1.9495,680.0,-0.87,3660186.0,2492193581.26,620.84,-31.769860189420783
2026-05-18,417.23,813.389885,-1.5037771482530715,-1.5038,284983.47,11894351.176,1.9495,674.5,-0.81,2708095.0,1820813393.3,615.8185,-32.24789446890601
2026-05-19,417.92,814.73504,0.16537641109219958,0.1654,260876.68,10805349.153,1.9495,660.0,-2.15,3803034.0,2501598593.0,602.58,-30.644893624083114
2026-05-20,414.75,808.555125,-0.7585183767228276,-0.7585,281190.31,11734883.868,1.9495,662.5,0.38,2952978.0,1941332665.28,604.8625000000001,-31.430697059249013
2026-05-21,411.63,802.472685,-0.752260397830018,-0.7523,338671.72,14239107.293,1.9495,673.5,1.66,4673932.0,3148169778.9,614.9055000000001,-33.058006474165545
2026-05-22,411.16,801.55642,-0.114180210383108,-0.1142,277883.81,11472585.703,1.9495,686.0,1.86,3963660.0,2716086294.55,626.318,-34.35283673788714
2026-05-26,402.5,784.67375,-0.09432088959492324,-0.0943,350627.03,14152427.064,1.9495,658.0,-4.08,5278819.0,3528605528.62,600.754,-33.00086224977279
2026-05-27,414.8,808.6526,3.0559006211180018,3.0559,533728.88,22373358.897,1.9495,700.0,6.38,6266540.0,4362414909.4,639.1,-35.09622907213269
2026-05-28,415.68,810.36816,0.2121504339440694,0.2122,327771.49,13502296.107,1.9495,717.0,2.43,4974563.0,3493710367.4,654.621,-36.50066221523599
2026-05-29,424.0,826.588,2.001539645881434,2.0015,498118.91,21139031.904,1.9495,744.5,3.84,7192189.0,5319578162.7,679.7285,-37.62215355101338
2026-06-01,420.1,818.98495,-0.9198113207547043,-0.9198,386004.52,16554495.936,1.9495,753.5,1.21,4126684.0,3116011724.88,687.9455,-38.93411614728202
2026-06-02,433.89,845.868555,3.2825517733872767,3.2826,387981.6,16719046.201,1.9495,779.5,3.45,3331922.0,2581124795.24,711.6835,-39.033292186765614
2026-06-03,426.42,831.30579,-1.7216345156606527,-1.7216,385526.08,16460790.913,1.9495,778.0,-0.19,3773219.0,2945771060.3,710.3140000000001,-39.967394701498215
2026-06-04,408.2,795.7859,-4.272782702499889,-4.2728,431154.62,17788218.035,1.9495,723.5,-7.01,4997462.0,3710352113.15,660.5555,-38.203527182802965
2026-06-05,403.0,785.6485,-1.273885350318471,-1.2739,287389.3,11711423.57,1.9495,711.0,-1.73,6565226.0,4693792195.4,649.143,-37.91814746519643
2026-06-08,393.02,766.19249,-2.4764267990074473,-2.4764,286526.36,11335280.87,1.9495,683.0,-3.94,4632590.0,3183617729.93,623.5790000000001,-36.973502956321504
2026-06-09,399.5,778.82525,1.6487710549081491,1.6488,277351.47,10926469.6166,1.9495,691.0,1.17,2658300.0,1825971946.55,630.883,-36.676055623625935
2026-06-10,388.5,757.38075,-2.7534418022528095,-2.7534,244357.15,9535581.22717,1.9495,653.5,-5.43,4181549.0,2757921966.76,596.6455,-34.88595824488746
2026-06-11,382.2,745.0989,-1.6216216216216273,-1.6216,268654.47,10301875.9156,1.9495,662.0,1.3,4836048.0,3183758053.88,604.4060000000001,-36.7643603802742
2026-06-12,394.85,769.760075,3.3097854526425996,3.3098,414208.38,16278999.8834,1.9495,672.5,1.59,4058763.0,2727204277.2,613.9925000000001,-35.69139688188374
2026-06-15,398.1,776.09595,0.823097378751414,0.8231,340748.82,13613555.7012,1.9495,705.0,4.83,3683932.0,2566765678.15,643.6650000000001,-38.15105683857286
2026-06-16,403.53,786.681735,1.3639788997739322,1.364,348392.62,14107808.7348,1.9495,716.0,1.56,2592858.0,1857057161.07,653.708,-38.27060400056295
2026-06-17,399.0,777.8505,-1.1225931157534785,-1.1226,250092.64,9965557.90566,1.9495,711.0,-0.7,2243840.0,1587186928.82,649.143,-38.534344512688264
2026-06-18,391.55,763.326725,-1.867167919799495,-1.8672,385481.05,15327443.707,1.9495,708.5,-0.35,3085764.0,2188592379.72,646.8605,-39.469174574734424
2026-06-22,408.98,797.30651,4.4515387562252595,4.4515,594648.44,23926025.746,1.9495,742.0,4.73,4517203.0,3313332728.0,677.446,-39.62913649205988
2026-06-23,392.51,765.198245,-4.0270917893295515,-4.0271,373740.94,14957779.3941,1.9495,704.0,-5.12,3977786.0,2864869753.1,642.7520000000001,-38.93290102558997
2026-06-24,395.36,770.75432,0.7260961504165442,0.7261,344270.57,13521407.6757,1.9495,721.5,2.49,2129738.0,1520069056.84,658.7295,-39.98143395733757
2026-06-25,401.9,783.50405,1.6541885876163454,1.6542,324046.38,12900279.0381,1.9495,716.5,-0.69,2293063.0,1640077777.22,654.1645,-38.562853838751565
2026-06-26,381.0,742.7595,-5.200298581736751,-5.2003,465253.03,18133875.4675,1.9495,680.5,-5.02,3039473.0,2075901897.34,621.2965,-38.67662219246366
2026-06-29,392.36,764.9058200000001,2.98162729658793,2.9816,425259.08,16529881.6525,1.9495,695.0,2.13,2686042.0,1842234563.13,634.535,-38.16574341840875
2026-06-30,393.01,766.172995,0.16566418595167498,0.1657,270383.46,10665434.439,1.9495,702.0,1.01,1533833.0,1076583073.6,640.926,-38.680908560426644
2026-07-02,382.35,745.391325,-0.38818257607334816,-0.3882,340754.35,13139767.2594,1.9495,681.0,-2.99,3844090.0,2631265337.95,621.753,-38.50451867542256
2026-07-03,380.0,740.8100000000001,-0.6146201124624051,-0.6146,258849.4,9910832.54224,1.9495,675.5,-0.81,2767101.0,1887500733.21,616.7315,-38.38485629483819
